,title,link,description,bloggername,bloggerlink,postdate
0,<b>query=%EB%A7%</b>88<b>%EB%A</b>5%B8%<b>EC%</b>9E%<b>91</b>%<b>EC%</b>95%BD%<b>EC%</b>94%A8%ED... ,https://blog.naver.com/ys629600?Redirect=Log&logNo=222657906461,https://m.search.naver.com/search.naver<b>?query=%EB%A7%</b>88<b>%EB%A</b>5%B8%<b>EC%</b>9E%<b>91</b>%<b>EC%</b>95%BD%<b>EC%</b>94%A8%ED%8C%8C%<b>EC%A</b>2%85<b>%EB%</b>B2%95&amp;where=m&amp;sm=mob_sly.hst&amp;acr=1#,ys629600님의블로그,https://blog.naver.com/ys629600,20220225
1,<b>EC%</b><b>9B%</b>83+<b>%EB%</b>B2%84<b>%EB%</b>9F%AD%<b>EC%</b>9D%B4+%EA%B<b>7%</b>B8<b>%EB%A</b>6%BC... ,https://blog.naver.com/tkdtndkfma13?Redirect=Log&logNo=222679115087,https://www.google.com/search?q=%<b>EC%</b>9D%B8%<b>EC%</b>82%AC%<b>EC%</b>9D%B4<b>%EB%</b>93%9C+%<b>EC%</b>95%84%<b>EC%</b><b>9B%</b>83+<b>%EB%</b>B2%84<b>%EB%</b>9F%AD%<b>EC%</b>9D%B4+%EA%B<b>7%</b>B8<b>%EB%A</b>6%BC&amp;source=lnms&amp;tbm=isch&amp;sa=X&amp;ved... ,갓슈벨아이카츠레지던트이블연재만화1,https://blog.naver.com/tkdtndkfma13,20220321
2,https://ko.m.wikipedia.org/wiki/<b>%EB%A7%</b>88%<b>EC%</b>B9%A8%ED%<b>91</b>%9C,https://blog.naver.com/xoans66?Redirect=Log&logNo=222656294774,"&quot;마침표 - 위키백과, 우리 모두의 백과사전&quot; https://ko.m.wikipedia.org/wiki/<b>%EB%A7%</b>88%<b>EC%</b>B9%A8%ED%<b>91</b>%9C",xoans66님의블로그,https://blog.naver.com/xoans66,20220224
3,83%81%<b>EC%</b>B2%98<b>%EB%</b>B0%<b>9B%EC%A7%</b>80-%<b>EC%</b>95%8A%EA%B8%B0-%<b>EC%</b>9C,https://blog.naver.com/jihj314?Redirect=Log&logNo=222076089635,https://www.msn.com/ko-kr/news/living/%<b>EC%</b>83%81%<b>EC%</b>B2%98<b>%EB%</b>B0%<b>9B%EC%A7%</b>80-%<b>EC%</b>95%8A%EA%B8%B0-%<b>EC%</b>9C%84%ED%95%B4-<b>%EB%</b>B0%9C<b>%EB%</b>B2%84<b>%EB%</b><b>91</b>%A5%<b>EC%</b>B9%98<b>%EB%</b>8A%94-%<b>EC%</b>82%AC<b>%EB%</b>9E%8C%<b>EC%</b>9D... ,슈퍼 아이돌 루키,https://blog.naver.com/jihj314,20200831
4,2021~2022 겨울방학 가볼만한곳정리 (지속적 업데이트),https://blog.naver.com/addio0996?Redirect=Log&logNo=222601775877,top&amp;where=m&amp;oquery=%EA%B4%<b>91</b>%<b>EC%A</b>3%BC+<b>%EB%A7%9B%EC%A7%91</b>&amp;tqi=hkYNLdprvj4ssLE9INCssssss90-188892&amp;<b>query=%</b><b>EC%</b>88%98%<b>EC%</b><b>9B%</b>90+%ED%99%94%<b>EC%</b>84%B1%ED%96%89%EA%B6%81&amp;acq=%<b>EC%</b>88%98%<b>EC%</b><b>9B%</b>90%ED%99%94%<b>EC%</b>84%B1... ,GGUM 작업실 G.G,https://blog.naver.com/addio0996,20211222
5,[양평역 맛집] 문래그집 침지숙성삼겹살 후기 !,https://blog.naver.com/yajido?Redirect=Log&logNo=222610710737,"양남사거리에서 가깝다 주차는 가게 앞에 ㅎㅎ 조금 가능할 듯 ? https://store.naver.com/restaurants/detail?entry=plt&amp;id=1146682940&amp;<b>query=%EB%</b>AC%B8<b>%EB%</b>9E%98%EA%B<b>7%</b>B8%<b>EC%A7%91</b> #문래그집, #양평역맛집, #숙성삼겹살, #냉수침지숙성",자본주의적 인간은 일한다,https://blog.naver.com/yajido,20220102
6,"796779757,<b>%EB%A7%</b>88%ED%8F... 9C%<b>EC%</b><b>9B%</b>90<b>%EB%</b>8F%99... ",https://blog.naver.com/salom1234?Redirect=Log&logNo=222266011712,"https://map.naver.com/v5/directions/14130618.229925457,4513812.796779757,<b>%EB%A7%</b>88%ED%8F%AC... <b>EC%</b>9D%B4%ED%83%9C%<b>EC%</b><b>9B%</b>90<b>%EB%</b>8F%99,,/-/car/0?c=14091032.3995727,4521145.1221543,12,0,0,0,dh",salom1234님의블로그,https://blog.naver.com/salom1234,20210306
7,"[망원] 망원튀맥집 : 모듬튀김, 맥주한잔, 망원시장, 튀김맥주집... ",https://blog.naver.com/durnfl2?Redirect=Log&logNo=222648938766,"7 점 - 운영시간 : 매일 : 10시 ~ 21시 (라스트오더 20시반) 매주 월요일 정기휴무 - 관련링크 : https://map.naver.com/v5/search/<b>%EB%A7%</b>9D%<b>EC%</b><b>9B%</b>90%ED%8A%80<b>%EB%A7%</b>A5%<b>EC%A7%91</b>/place/1740449974?c=14126902.5189062,4516945.8981434,18,0,0,0,dha",나만의 시선으로 본 세상,https://blog.naver.com/durnfl2,20220221
8,"맥적구이 &amp; 봄동달래무침, 제철요리",https://blog.naver.com/dasomammy?Redirect=Log&logNo=222669465450,https://www.danpoongmall.kr/product/<b>%EB%</b>84%A4%<b>EC%</b>9E%90<b>%EB%A7%</b>A4-%<b>EC%</b>9E%AC<b>%EB%</b>9E%98%<b>EC%</b>8B%9D-%<b>EC%A7%91</b><b>%EB%</b>90%9C%<b>EC%</b>9E%A51kg-2/ 산 좋고 물 좋은 아름다운 내장산과 유네스코 세계문화유산 무성서원이 있는 정읍의... ,다소마미의 오늘요리,https://blog.naver.com/dasomammy,20220311
9,1월 3일 오늘의 일기 (문래 맛집 삼겹살집),https://blog.naver.com/gyoolejoa?Redirect=Log&logNo=222612194198,https://store.naver.com/restaurants/detail?entry=plt&amp;id=1146682940&amp;<b>query=%EB%</b>AC%B8<b>%EB%</b>9E%98%EA%B<b>7%</b>B8%<b>EC%A7%91</b> 주소 : 서울 영등포구 선유로22길 3 (070-4292-0090) 영업시간 : 매일 11:30 - 23:00 (15:00 - 17:00 브레이크타임) 문래그집에서 식사를... ,BREATHE,https://blog.naver.com/gyoolejoa,20220103
10,코로나 비대면진료 확진자 약처방 방법,https://blog.naver.com/milky016?Redirect=Log&logNo=222665687055,https://search.naver.com/search.naver?sm=tab_sly.hst&amp;where=nexearch&amp;<b>query=%</b><b>EC%</b>BD%94<b>%EB%A</b>1%9C<b>%EB%</b>82%98+<b>%EB%</b>B9%84<b>%EB%</b>8C%80<b>%EB%A</b>9%B4%<b>EC%A7%</b>84<b>%EB%A</b>3%8C<b>%EB%</b>B3%<b>91</b>%<b>EC%</b><b>9B%</b>90&amp;oquery=%<b>EC%</b>BD%94<b>%EB%A</b>1%9C<b>%EB%</b>82%98+<b>%EB%</b>B9%84<b>%EB%</b>8C%80<b>%EB%A</b>9%B4%<b>EC%A7%</b>84<b>%EB%A</b>3%8C&amp;tqi... ,굿럭7,https://blog.naver.com/milky016,20220307
11,B8%<b>EC%</b><b>9B%</b>94%ED%98%B8<b>%EB%</b>95... <b>EB%A</b>6%AC%<b>EC%</b>86%90%<b>EC%A7%</b>8... ,https://blog.naver.com/cure4coast?Redirect=Log&logNo=220880026738,#yonhap <b>%EB%</b>B0%95%20<b>%EB%</b>8C%80%ED%86%B5<b>%EB%A</b>0%B9%20%<b>EC%</b>84%B8%<b>EC%</b><b>9B%</b>94%ED%98%B8<b>%EB%</b>95%8C%20%<b>EC%</b>9E%A5%<b>EC%</b>8B%9C%EA%B0%84%20<b>%EB%A</b>8%B8<b>%EB%A</b>6%AC%<b>EC%</b>86%90%<b>EC%A7%</b>88%3F%E2%80%A6%<b>EC%A7%</b>84%<b>EC%</b>8B%A4%EA%B3%B5<b>%EB%</b>B0%A9%20 연합뉴스는 새로운... ,cure4coast님의블로그,https://blog.naver.com/cure4coast,20161207
12,22%<b>EC%</b>B4%<b>9B%</b><b>EB%</b>B6%88%<b>EC%</b>97... 80<b>%EB%A</b>1%9C%20<b>%EB%A7%</b>90... ,https://blog.naver.com/lje5943?Redirect=Log&logNo=220891820873,못하겠나 #yonhap %ED%95%98%ED%83%9C%EA%B2%BD%20%22%<b>EC%</b>B4%<b>9B%</b><b>EB%</b>B6%88%<b>EC%</b>97%90%20<b>%EB%</b>B6%88%ED%83%88%20%<b>EC%</b>88... A8<b>%EB%</b>B6%80<b>%EB%A</b>1%9C%20<b>%EB%A7%</b>90%ED%95%98%<b>EC%</b> 연합뉴스는 새로운 시대에 걸맞은 멀티미디어... ,lje5943님의블로그,https://blog.naver.com/lje5943,20161221
13,<b>A7%</b>80<b>%EB%</b>82%9C%ED%95%B4%205%<b>EC%</b><b>9B%</b>94%20%<b>EC%A</b>0%9C%<b>EC%A</b>3... ,https://blog.naver.com/ex1472?Redirect=Log&logNo=220868885594,그 집안 알만하구나 천하에 순시리도 딸아래도리는 어찌하지못했구나 #yonhap %<b>EC%</b>B5%9C%<b>EC%</b>88%9C%<b>EC%</b>8B%A4%20<b>%EB%</b>94%B8%20%<b>EC%A</b>0%95%<b>EC%</b>9C%A0<b>%EB%</b>9D%BC%20%<b>EC%A7%</b>80<b>%EB%</b>82%9C%ED%95%B4%205%<b>EC%</b><b>9B%</b>94%20%<b>EC%A</b>0... ,ex1472님의 블로그,https://blog.naver.com/ex1472,20161123
14,<b>%EB%</b>82%B4%<b>EC%</b>9D%BC%20%<b>EC</b>... 20%<b>EC%A7%91</b>%ED%9A%8C%E3%86... ,https://blog.naver.com/cenesia?Redirect=Log&logNo=220861018125,#yonhap <b>%EB%</b>82%B4%<b>EC%</b>9D%BC%20%<b>EC%</b>84%9C%<b>EC%</b>9A%B8%<b>EC%</b>8B%9C<b>%EB%</b>82%B4%20<b>%EB%</b>8C%80%ED%95%99<b>%EB%</b>93%A4%20<b>%EB%</b>8F%84%<b>EC%</b>8B%AC%20%EA%B3%B3%EA%B3%B3%<b>EC%</b>84%9C%20%<b>EC%A7%91</b>%ED%9A%8C%E3%86%8D%ED%96%89%<b>EC%A7%</b>84%20 연합뉴스는... ,cenesia님의 블로그,https://blog.naver.com/cenesia,20161114
15,lot=search4?&amp;<b>query=%EB%A7%</b>88%<b>EC%</b>8A%A4%ED%84%B0%<b>EC%A</b>6%88,https://blog.naver.com/alld3459?Redirect=Log&logNo=150188700990,http://m.pandora.tv/?mode=searche&amp;ref=mgnb&amp;lot=search4?&amp;<b>query=%EB%A7%</b>88%<b>EC%</b>8A%A4%ED%84%B0%<b>EC%A</b>6%88,alld3459님의블로그,https://blog.naver.com/alld3459,20140413
16,%EA%B9%80%<b>EC%</b>83%81<b>%EB%A7%</b>8C%20%22%E9%9D%<b>91</b>%<b>EC%</b>84%9C%20... ,https://blog.naver.com/meijulee?Redirect=Log&logNo=220886715502,#yonhap %EA%B9%80%<b>EC%</b>83%81<b>%EB%A7%</b>8C%20%22%E9%9D%<b>91</b>%<b>EC%</b>84%9C%20<b>%EB%</b>8C%80%ED%86%B5<b>%EB%A</b>0%B9%20%<b>EC%</b>86%90%<b>EC%</b>97%90%20%<b>EC%A</b>3%BC%<b>EC%</b>82%AC%<b>EC%A</b>0%9C%20%<b>EC%A</b>5%90%<b>EC%</b>96%B4%<b>EC%A</b>4%AC<b>%EB%</b>8B%A4%22%20 연합뉴스는 새로운 시대에... ,meijulee님의 블로그,https://blog.naver.com/meijulee,20161215
17,[통영 동피랑 다찌집]통영맛집-주차가 편한 가성비 최고... ,https://blog.naver.com/choijg0921?Redirect=Log&logNo=222458567367,https://map.naver.com/v5/search/<b>%EB%</b>8F%99%ED%94%BC<b>%EB%</b>9E%<b>91</b>%20%ED%86%B5%<b>EC%</b>98%81<b>%EB%A7%9B%EC%A7%91</b>/place/1063057459?placePath=%3Fentry=pll%26from=nx%26fromNxList=true 동피랑 초입에 위치한 통영맛집은 지리상 동피랑 마을을 구경하기에도 좋고... ,"음식, 여행 그리고 술을 사랑하는 최강남자의 이야기",https://blog.naver.com/choijg0921,20210808
18,봄동된장무침 만드는 법 / 봄동요리,https://blog.naver.com/teaser1?Redirect=Log&logNo=222665149767,kr/product/<b>%eb%</b>84%a4%<b>ec%</b>9e%90<b>%eb%a7%</b>a4-%<b>ec%</b>9e%ac<b>%eb%</b>9e%98%<b>ec%</b>8b%9d-%<b>ec%a7%91</b><b>%eb%</b>90%9c%<b>ec%</b>9e%a51kg-2/ https://www.danpoongmall.kr/ ** 이 포스팅은 정읍단풍미인쇼핑몰로 부터 제품과 원고료를 제공 받았습니다.** #정읍단풍미인쇼핑몰... ,체인부부의 살림레시피,https://blog.naver.com/teaser1,20220306
19,#병방동신축빌라 5층빌라에서 편하게 살아가기,https://blog.naver.com/binred?Redirect=Log&logNo=222136280071,1:1 즉시입주가능현장 인천신축빌라 분양문의 네이버 다음 구글 검색창 &quot;이장희팀장&quot; 치시면 다 나와요 먹거리와 여행기 여기도 구경오세요 https://binred1.tistory.com/category/%<b>EC%</b>9D%B4%ED%8C%80%<b>EC%</b>9E%A5<b>%EB%A7%9B%EC%A7%91</b>,신축빌라상담 이장희팀장과!,https://blog.naver.com/binred,20201105
20,[국내명반] 서태지와 아이들 3집 - Seotaiji And Boys... ,https://blog.naver.com/cisiwing?Redirect=Log&logNo=222678858132,wiki/w/%<b>EC%</b>84%9C%ED%83%9C%<b>EC%A7%</b>80%<b>EC%</b>99%80%20%<b>EC%</b>95%84%<b>EC%</b>9D%B4<b>%EB%</b>93%A4%203%<b>EC%A7%91</b> ----------------------- [100대 명반]... ‘Chaos <b>A</b>.D.’(1993년)이 발매된 이 즈음은 서구권에서 기존의 하드록이나 헤비메탈에 다른 장르의... ,잡글서재,https://blog.naver.com/cisiwing,20220321
21,임산부혜택! 직접 신청한 무료 임신출산용품 체험팩... ,https://blog.naver.com/charming2112?Redirect=Log&logNo=222666977932,kr/product/<b>7%</b><b>EC%</b><b>9B%</b>94-%EA%B3%B5%<b>EC%</b>8B%9D<b>%EB%</b>AA%B0-<b>%EB%</b>8B%A8<b>%EB%</b>8F%85-%<b>EC%</b>B2%B4%ED%97%98%ED%82%A4%ED%8A%B8/213/category/71/display/1/#prdDetail 하기스 맘큐 허그박스 무료임신출산선물 https://www.momq.co.kr/ https://blog.naver.com... ,제니스 일상기록,https://blog.naver.com/charming2112,20220308
22,[어패럴제이] 자체제작 스프링 스판진 OPEN ♥,https://blog.naver.com/very_hj?Redirect=Log&logNo=222669142065,www.apparelj.co.kr [자체제작] 스프링 스판진 https://apparelj.co.kr/product/%<b>EC%A</b>0%9C%<b>EC%</b>9E%<b>91</b>%<b>EC%</b>98%A4%ED%94%88<b>%EB%</b>8C%80%EA%B8%B0-%<b>EC%</b>8A%A4%ED%94%84<b>%EB%A7%</b>81-<b>%EB%</b>8B%A4%ED%81%AC%<b>EC%A7%</b>84/1721/category/1/display/11/ / 언제나 사랑받는... ,어패럴제이 / 제이네,https://blog.naver.com/very_hj,20220314
23,<b>A7%</b>80%<b>EC%</b>86%8D<b>%EB%A</b>0%A5%<b>EC%</b>9D%B4-%<b>EC%</b>97%84%<b>EC%</b>B2%AD<b>%EB%</b>82%A9... ,https://blog.naver.com/cclo11?Redirect=Log&logNo=222079858081,<b>A7%</b>80%<b>EC%</b>86%8D<b>%EB%A</b>0%A5%<b>EC%</b>9D%B4-%<b>EC%</b>97%84%<b>EC%</b>B2%AD<b>%EB%</b>82%A9<b>%EB%</b>8B%88<b>%EB%</b>8B%A4-%ED%96%A5%<b>EC%</b>88%98%<b>EC%A</b>4%<b>91</b>%<b>EC%</b>97%90-%<b>EC%</b>B5%9C%EA%B0%95%<b>EC%</b>9D%B8<b>%EB%</b>93%AF,평범하고 솔직한 직장인 이야기,https://blog.naver.com/cclo11,20200904
24,[공지] 후드집업 레몬 ♥ 1차 마감 임박입니다 !,https://blog.naver.com/very_hj?Redirect=Log&logNo=222678618699,레몬 컬러는 서두르셔야 해요 ! [ 어패럴 후드집업 바로가기 ] https://apparelj.co.kr/product/%<b>EC%A</b>0%9C%<b>EC%</b>9E%<b>91</b><b>%EB%</b>AC%B4<b>%EB%</b>B0%B0-%<b>EC%</b>96%B4%ED%8C%A8<b>%EB%</b>9F%B4-%ED%<b>9B%</b>84<b>%EB%</b>93%9C%<b>EC%A7%91</b>%<b>EC%</b>97%85/1722/category/1/display/11/,어패럴제이 / 제이네,https://blog.naver.com/very_hj,20220321
25,제주도 서귀포 맛집리스트 다가오는 봄을 위해 정리해봄~,https://blog.naver.com/to_jeju?Redirect=Log&logNo=222659880667,"placePath=%3Fentry=pll%26from=nx%26fromNxList=true&amp;n_ad_group_type=10&amp;n_<b>query=%</b><b>EC%A</b>0%9C%<b>EC%A</b>3%BC<b>%EB%</b>8F%84%<b>EC%</b>84%9C%EA%B<b>7%</b>80%ED%8F%AC<b>%EB%A7%9B%EC%A7%91</b>&amp;c=14129265.6869804,3956758.2879630,15,0,0,0,dh ::제주도 서귀포... ",티오제주_제주도 추억만들기,https://blog.naver.com/to_jeju,20220228
26,"[어패럴제이] 자체제작 / 후드집업, 조거팬츠, 화이트티 OPEN... ",https://blog.naver.com/very_hj?Redirect=Log&logNo=222675571251,"S <b>A</b> L E 어패럴 후드집업 / \49,000 → \47,000 어패럴 조거팬츠 / \36,000 → \34,000 [세트할인] 후드집업... kr/product/%<b>EC%A</b>0%9C%<b>EC%</b>9E%<b>91</b>%<b>EC%</b>98%A4%ED%94%88<b>%EB%</b>8C%80%EA%B8%B0-%<b>EC%</b>96%B4%ED%8C%A8<b>%EB%</b>9F%B4-%ED%<b>9B%</b>84<b>%EB%</b>93%9C%<b>EC%A7%91</b>%<b>EC</b>... ",어패럴제이 / 제이네,https://blog.naver.com/very_hj,20220321
27,냉이된장국 맛있게 끓이는 법 / 냉이 다듬는 법,https://blog.naver.com/teaser1?Redirect=Log&logNo=222668566379,맛있는 된장맛은 네자매된장이 책임 질게요^^ https://www.danpoongmall.kr/product/<b>%eb%</b>84%a4%<b>ec%</b>9e%90<b>%eb%a7%</b>a4-%<b>ec%</b>9e%ac<b>%eb%</b>9e%98%<b>ec%</b>8b%9d-%<b>ec%a7%91</b><b>%eb%</b>90%9c%<b>ec%</b>9e%a51kg-2/ https://www.danpoongmall.kr/ ** 이 포스팅은 정읍단풍미인쇼핑몰로... ,체인부부의 살림레시피,https://blog.naver.com/teaser1,20220310
28,[주식]삼성전자 주주총회 온라인 참석 예약,https://blog.naver.com/sjy708?Redirect=Log&logNo=222672676767,AC<b>%EB%</b>AC%B4%<b>EC%A</b>0%9C%ED%<b>91</b>%9C&amp;tqi=hA8JRwp0JXVsssFd8z4ssssstNC-029812 사외이사 후보 한화진 https://search.naver.com/search.naver?sm=tab_hty.top&amp;where=nexearch&amp;<b>query=%</b>ED%95%9C%ED%99%94%<b>EC%A7%</b>84... ,온유와 사랑,https://blog.naver.com/sjy708,20220314
29,아이들건강간식 매실음료 녹색나눔 청매실원액 추천 !,https://blog.naver.com/0919mimijuju?Redirect=Log&logNo=222676032252,아이들건강간식 매실음료 녹색나눔 청매실원액 추천합니다❤️ https://m.greenanum00.cafe24.com/product/%<b>EC%A7%</b>80<b>%EB%A</b>6%AC%<b>EC%</b>82%B0%EA%B5%AC<b>%EB%A</b>1%80%EA%B3%B5<b>%EB%</b>8F%99%<b>EC%</b>B2%B4-%<b>EC%</b>B2%AD<b>%EB%A7%</b>A4%<b>EC%</b>8B%A4%<b>EC%</b><b>9B%</b>90%<b>EC%</b>95%A1-900ml-1... ,김미정블로그,https://blog.naver.com/0919mimijuju,20220318
30,코로나19 무식한 방역대책과 백신접종 당장 중단하라!,https://blog.naver.com/goodozone?Redirect=Log&logNo=222619520451,https://kr.theepochtimes.com/%E9%9F%93-%<b>EC%</b>B2%AD%<b>EC%</b>86%8C<b>%EB%</b>85%84-<b>%EB%</b>B0%B1%<b>EC%</b>8B%A0%ED%8C%A8%<b>EC%</b>8A%A4-<b>%EB%</b>85%BC<b>%EB%</b>9E%80-%EA%B0%80%<b>EC%</b>97%B4-%ED%97%8C<b>%EB%</b>B2%95%<b>EC%</b>86%8C%<b>EC%</b><b>9B%</b>90-<b>%EB%</b>8C%80%ED%86%B5<b>%EB%A</b>0%B9%C2%B<b>7%</b><b>EC%A7%</b>88_603061.html https... ,Ozone Therapy(오존 의학),https://blog.naver.com/goodozone,20220112
31,바닷속 어벤져스 모여라!  - 상상 이상의 능력을 발휘하는... ,https://blog.naver.com/kordipr?Redirect=Log&logNo=222676417645,https://www.sciencetimes.co.kr/news/%ED%8E%B8%EA%B4%<b>91</b>%<b>EC%</b>9D%84-%EA%B5%AC<b>%EB%</b>B3%84%ED%95%98<b>%EB%</b>8A%94-<b>%EB%</b>88%88%<b>EC%</b>9D%84-%<b>EC%A7%</b>80<b>%EB%</b>8B%8C-<b>%EB%</b>8F%99<b>%EB%</b>AC%BC%<b>EC%</b>9D%80/ 6) [부산일보] 해운대는 살아있다…KIOST '3D 해운대 해양생물... ,한국해양과학기술원 블로그,https://blog.naver.com/kordipr,20220318
32,[엠마시스 공구] 찾아오는 맛집 시리즈 이번엔 초초대박... ,https://blog.naver.com/snoopy0823?Redirect=Log&logNo=222403562237,https://www.emmasis.com/product/%ED%95%98<b>%EB%</b>82%A8-%<b>EC%</b>88%AF<b>%EB%</b>B6%88-<b>%EB%</b>8B%AD%EA%B0%88<b>%EB%</b>B9%84-%ED%95%98<b>%EB%</b>82%A8-<b>%EB%A7%9B%EC%A7%91</b>-1%<b>EC%</b>9C%84/400/category/1/display/2/ &amp; &quot; &quot; ↑↑↑ 주문하기!! 궁금하신점은 http://pf.kakao.com/_anlXxb... ,EMMA,https://blog.naver.com/snoopy0823,20210619
33,화승인더와 화승엔터 배당성향의 공시 변화,https://blog.naver.com/syprus?Redirect=Log&logNo=222354231589,출처 : 드래곤라이더님 https://dragonrider.tistory.com/entry/%ED%99%94%<b>EC%</b>8A%B9%<b>EC%</b>9D%B8<b>%EB%</b>8D%94-<b>%EB%</b>B0%B0<b>%EB%</b>8B%B9<b>%EB%A7%9B%EC%A7%91</b>-%<b>EC%</b>98%88%EA%B3%A0-%ED%99%94%<b>EC%</b>8A%B9%<b>EC%</b>9D%B4-<b>%EB%</b>8B%AC<b>%EB%</b>9D%BC%<b>EC%A</b>1%8C%<b>EC%</b>96%B4%<b>EC%</b>9A%94?category=1185352 &gt; 저도... ,녹색산업의 가치투자블로그,https://blog.naver.com/syprus,20210517
34,부산 동구 초량 더 맛있는 반찬 / 초량 반찬가게 / 부산 동구... ,https://blog.naver.com/audery22?Redirect=Log&logNo=222620102806,https://play.google.com/store/apps/details?id=com.lbcontents.banchan_2nd 안드로이드 / 플레이스토어 https://apps.apple.com/kr/app/%<b>EC%</b>B4%88<b>%EB%</b>9F%89-<b>%EB%</b>8D%94<b>%EB%A7%9B%EC%</b>9E%88<b>%EB%</b>8A%94<b>%EB%</b>B0%98%<b>EC%</b>B0%AC-%ED%94%84<b>%EB%A</b>6%AC<b>%EB%</b>AF%B8%<b>EC%</b>97%84/id1594815571... ,소소한 하루,https://blog.naver.com/audery22,20220112
35,발산역 삼겹살 금고깃집,https://blog.naver.com/younoky2?Redirect=Log&logNo=222620260619,pre&amp;fbm=1&amp;acr=3&amp;acq=%EA%B8%88%EA%B3%A0%EA%B9%83%<b>EC%A7%91</b>&amp;qdt=0&amp;ie=utf8&amp;<b>query=%EB%</b>B0%9C%<b>EC%</b>82%B0%<b>EC%</b>97%AD+%EA%B8%88%EA%B3%A0%EA%B9%83%<b>EC%A7%91</b> 정문 앞에서 바라본 발산역 삼겹살 금고깃집입니다. 발산역 삼겹살 금고깃집의 금 돼지인데요.... ,한나의 행복,https://blog.naver.com/younoky2,20220113
36,[어패럴제이] 자체제작 클래식 체크자켓 OPEN ♥,https://blog.naver.com/very_hj?Redirect=Log&logNo=222662733441,"kr/product/%<b>EC%A</b>0%9C%<b>EC%</b>9E%<b>91</b>%<b>EC%</b>98%A4%ED%94%88<b>%EB%</b>8C%80%EA%B8%B0-%ED%81%B4<b>%EB%</b>9E%98%<b>EC%</b>8B%9D-%<b>EC%</b>B2%B4%ED%81%AC%<b>EC%</b>9E%90%<b>EC%</b>BC%93... <b>7%</b> 신상 추가 할인 ! 특가 소프트 랍빠티 역시 컬러 선택시 자동 1+1 혜택이 적용되며, 합배송... ",어패럴제이 / 제이네,https://blog.naver.com/very_hj,20220307
37,22.3.21(토) 토브헤세드 예약하기/ 맛짱조개/라마카페 날씨... ,https://blog.naver.com/dbaeod7474?Redirect=Log&logNo=222678784762,#리머커피 #내돈내산 #핑크콜드블루 https://search.naver.com/search.naver?sm=tab_hty.top&amp;where=nexearch&amp;<b>query=%EB%A</b>6%AC<b>%EB%A</b>8%B8%<b>EC%</b>BB%A4%ED%94%BC&amp;oquery=<b>%EB%A7%9B%EC%A7%</b>B1%<b>EC%A</b>1%B0%EA%B0%9C&amp;tqi=hBl4Lwp0J14ssl37gU0ssssstIC-160886... ,다시,https://blog.naver.com/dbaeod7474,20220321
38,#구독 #멤버십가입 #리마연 윤석열 당선인은 권한이 없다... ,https://blog.naver.com/ngan7?Redirect=Log&logNo=222675896266,where=nexearch&amp;sm=top_hty&amp;fbm=1&amp;ie=utf8&amp;<b>query=%</b>23%EA%B5%AC<b>%EB%</b>8F%85+%23<b>%EB%A</b>9%A4<b>%EB%</b>B2%84%<b>EC%</b>8B%AD%EA%B0... <b>A7%91</b><b>%EB%</b>AC%B4%<b>EC%</b>8B%A4%2C+%EA%B4%80%<b>EC%A</b>0%80%2C+5%<b>EC%</b><b>9B%</b>94+9%<b>EC%</b>9D%BC%EA%B9%8C%<b>EC%A7%</b>80+%<b>EC%A</b>0%88<b>%EB%</b>8C... ,ngan7 本然 블로그,https://blog.naver.com/ngan7,20220318
39,[제품디자인] 2022년 강소기업디자인지원사업 모집 공고... ,https://blog.naver.com/365design?Redirect=Log&logNo=222675157746,file:///C:/Users/desig/Downloads/[<b>%EB%</b>8C%80%<b>EC%A</b>0%84]%202022<b>%EB%</b>85%84%20%EA%B0%95%<b>EC%</b>86%8C%EA%B8%B0%<b>EC%</b>97%85<b>%EB%</b>94%94%<b>EC%</b>9E%90%<b>EC%</b>9D%B8%<b>EC%A7%</b>80%<b>EC%</b><b>9B%</b>90%<b>EC%</b>82%AC%<b>EC%</b>97%85%20<b>%EB%</b>AA%A8%<b>EC%A7%91</b>%20%EA%B3%B5%EA%B3%A0(<b>%EB%</b>B8%8C<b>%EB</b>... ,Design Studio 36.5,https://blog.naver.com/365design,20220318
40,[강릉-속초]1박2일 가을여행(2일차),https://blog.naver.com/soonk04?Redirect=Log&logNo=222123333755,"(아바이마을 내에는 차량 이동이 불가한 아기자기한 마을이였습니다.) https://map.naver.com/v5/search/%<b>EC%</b>86%8D%<b>EC%</b>B4%88%20<b>%EB%A7%9B%EC%A7%91</b>/place/11711552?c=14314042.2069090,4608166.2901998,15,0,0,0,dh&amp;placePath... ",폴의 지식발전소,https://blog.naver.com/soonk04,20201022
41,"대구 팔공산 맛집 - 한밤 황토집, 팔공산 신상 카페... ",https://blog.naver.com/adel1984?Redirect=Log&logNo=222652916433,https://m.place.naver.com/restaurant/35689964/booking?sm=mtb_hty.top&amp;where=m&amp;oquery=manly&amp;tqi=hm4DysprvA4ssu0USUwssssssuG-147690&amp;<b>query=%</b>ED%95%9C<b>%EB%</b>B0%A4%2B%ED%99%A9%ED%86%A0%<b>EC%A7%91</b>&amp;entry=plt 예약 하면서 &quot;방갈로 방으로 부탁드려요.&quot; 하고 남기면... ,"Eat, Pray, Love_",https://blog.naver.com/adel1984,20220220
42,"하니버니 종이의 집 - 고양이 집, 고양이 스크래처, 고양이 상자",https://blog.naver.com/aulycee?Redirect=Log&logNo=222649099921,https://search.shopping.naver.com/catalog/29861772481<b>?query=%</b>ED%95%98<b>%EB%</b>8B%88<b>%EB%</b>B2%84<b>%EB%</b>8B%88%20%<b>EC%A</b>2%85%<b>EC%</b>9D%B4%<b>EC%</b>9D%98%20%<b>EC%A7%91</b>&amp;NaPm=ct%3Dkzp0ealk%7Cci%3D078b013f145a736baed60d3f51d96c9f8e0c4913%7Ctr%3Dslsl%7Csn%3D95694%7Chk... ,턱관절/안면비대칭교정  아름턱한의원,https://blog.naver.com/aulycee,20220216
43,한 달의 기억: 부산 4,https://blog.naver.com/gta14?Redirect=Log&logNo=222667245066,"갑노투(갑자기 노래 투척) https://www.youtube.com/watch?v=cSQ9DJnG0K8 별이 필요 없는 밤 https://map.naver.com/v5/search/%EA%B4%<b>91</b>%<b>EC%</b>95%88<b>%EB%A</b>6%AC%20<b>%EB%A7%9B%EC%A7%91</b>/place/1124084170?c=14371725.1818263,4184845.3468932,13,0,0,0,dh&amp;placePath... ",빌리루빈 여행기 Bilirubinson,https://blog.naver.com/gta14,20220308
44,"[엘든링] 마리카 = 마리아, 라니 = 왕비, 레나 = 복음",https://blog.naver.com/knock001?Redirect=Log&logNo=222675118745,마리카 : 마리아 永遠の女王マリカ / Queen Marika the Eternal https://namu.wiki/w/%<b>EC%</b>98%81%<b>EC%</b><b>9B%</b>90%<b>EC%</b>9D%98%20%<b>EC%</b>97%AC%<b>EC%</b>99%95%20<b>%EB%A7%</b>88<b>%EB%A</b>6%AC%<b>EC%</b>B9%B4 황금률은 여왕... ,무르 의 공방,https://blog.naver.com/knock001,20220317
45,회식하기 좋은 공덕역고기집 두껍삼 마포점,https://blog.naver.com/lsj28720?Redirect=Log&logNo=222664172340,3A%7B%22name%22%3A%22franchise_list%22%7D%7D%7D&amp;nscs=0&amp;<b>query=%EB%</b><b>91</b>%90%EA%BB%8D%<b>EC%</b>82%BC%2B<b>%EB%A7%</b>88%ED%8F%AC&amp;rev=35&amp;sm=mtp_sug.top&amp;ssc=tab.m.all&amp;where=m&amp;entry=plt #마포맛집 #마포회식 #마포고깃집 #공덕맛집 #공덕회식 #두껍삼,To the fullest,https://blog.naver.com/lsj28720,20220304
46,신포리 커피집 - '옥식이' 추천!,https://blog.naver.com/jadestone?Redirect=Log&logNo=222645685422,"위치: 강원 춘천시 사북면 영서로 4725 1층 https://m.search.naver.com/search.naver<b>?query=%</b><b>EC%</b>8B%A0%ED%8F%AC<b>%EB%A</b>6%AC%<b>EC%</b>BB%A4%ED%94%BC%<b>EC%A7%91</b>&amp;where=m&amp;sm=mob_hty.idx&amp;qdt=1 아직 생긴 지 얼마 안 된, 깔끔하고 포근한 커피집.... ",Jade,https://blog.naver.com/jadestone,20220212
47,코로나 시국 대비 일상 방역방법 공유,https://blog.naver.com/ain902?Redirect=Log&logNo=222675119009,cat_id=50009061&amp;frm=NVSCAIB&amp;<b>query=%EB%A7%</b>88%<b>EC%</b>8A%A4%ED%81%AC+%EA%B3%A0<b>%EB%A</b>6%AC&amp;NaPm=ct%3Dl0uc9ez4%7Cci%3Db126272dfd6aa78c56395cbfabb2d191cc868ee2%7Ctr%3Dairsp%7Csn%3D95694%7Chk%3D353b23<b>ec</b>239e211f58c6e1dee6f7e11a05435db4 * 양쪽 뺨 부분 틈새는... ,mint's home,https://blog.naver.com/ain902,20220317
48,"상무지구 레스토랑 추천 ! '구르메키친' 안심 샐러드, 봉골레... ",https://blog.naver.com/147048?Redirect=Log&logNo=222029713656,상무지구 레스토랑 구르메키친에서 맛있는 식사해보시길 추천합니다! https://store.naver.com/restaurants/detail?entry=plt&amp;id=33331762&amp;<b>query=%</b><b>EC%</b>83%81<b>%EB%</b>AC%B4%<b>EC%A7%</b>80%EA%B5%AC<b>%EB%A7%9B%EC%A7%91</b>%20%EA%B5%AC<b>%EB%A</b>5%B4<b>%EB%A</b>9%94%ED%82%A4%<b>EC%</b>B9%9C,루린월드,https://blog.naver.com/147048,20200713
49,Σ 이맛이다 :  새우 고로케,https://blog.naver.com/schafgarbe?Redirect=Log&logNo=222631291635,au/product/%<b>ec%</b>9d%b4<b>%eb%a7%9b%ec%</b>9d%b4<b>%eb%</b>8b%a4%<b>ec%</b>83%88%<b>ec%</b>9a%b0%ea%b3%a0<b>%eb%a</b>1%9c%<b>ec%</b>bc%80/ 튀김옷이 포실포실해보이고 색깔이 너무 이뻐서 담았는데 왔는데도 색이 이쁘다 ㅋㅋㅋ 튀기기전엔데 꼭 색상이 튀긴것 같다... ,이상한나라의 앨리스。,https://blog.naver.com/schafgarbe,20220131
50,영등포구청 맛집 문래그집 :) 생생정보 흑돼지 소금구이... ,https://blog.naver.com/ysy4283?Redirect=Log&logNo=222513491347,직접 고기를 드시면 좋을 것 같아서 오늘의 영등포 맛집 문래그집을 공유해봅니다. 끝까지 긴글 읽어주셔서 감사드립니다! https://store.naver.com/restaurants/detail?entry=plt&amp;id=1146682940&amp;<b>query=%EB%</b>AC%B8<b>%EB%</b>9E%98%EA%B<b>7%</b>B8%<b>EC%A7%91</b>,사고뭉치비글세마리육아,https://blog.naver.com/ysy4283,20210922
51,화정 초밥 요일 점심특선 월요일 나베우동과 소바 정식,https://blog.naver.com/dacima02?Redirect=Log&logNo=221916500378,https://store.naver.com/restaurants/detail?entry=plt&amp;id=37026125&amp;<b>query=%</b>ED%99%94%<b>EC%A</b>0%95<b>%EB%A7%9B%EC%A7%91</b><b>%EB%</b>AF%BC%<b>EC%</b>BF%A1<b>%EB%</b>8B%A4%<b>EC%</b>8B%9C<b>%EB%A7%</b>88 내일은 월요일~~ 모두 기운 내시고 혹 월요일 점심부터 좋은 분을 대접해야 하는 일이... ,여행과 맛집. 민쿡의 얌얌톡톡,https://blog.naver.com/dacima02,20200419
52,(2회시험 고득점 합격!)맞춤형화장품조제관리사 합격률 <b>7%</b>!... ,https://blog.naver.com/yoon5946?Redirect=Log&logNo=222427744850,https://search.shopping.naver.com/catalog/27945348768?cat_id=50005992&amp;frm=NVSCPRO&amp;<b>query=%</b><b>EC%A7%</b>80%ED%95%9C%<b>EC%</b>8C%A4+<b>%EB%</b>B4%89%ED%88%AC<b>%EB%</b>AA%A8%<b>EC%</b>9D%98%EA%B3%A0%<b>EC%</b>82%AC&amp;NaPm=ct%3Dkqyz6ek0%7Cci... ,이지한의 연구와 생활 - 맞춤형화장품조제관리사 시험,https://blog.naver.com/yoon5946,20210711
53,[오직 넷플릭스 드라마 추천](1)이거 안본사람은 없겠지?... ,https://blog.naver.com/kjjoa?Redirect=Log&logNo=222670121332,org/wiki/<b>%EB%</b>B0%80%<b>EC%</b>96%<b>91</b>_%<b>EC%A7%</b>80%<b>EC%</b>97%AD_%EA%B3%A0%EA%B5%90%<b>EC%</b>83%9D%<b>EC%</b>9D%98_%<b>EC%</b>97%AC%<b>EC%A</b>4%<b>91</b>%<b>EC%</b>83%9D_%<b>EC%A7%91</b><b>%EB%</b>8B%A8_%<b>EC%</b>84%B1%ED%8F%AD%ED%96%89_%<b>EC%</b>82%AC%EA%B1%B4 https://namu.wiki/w/%<b>EC%</b>9D%B8%<b>EC%</b>B2%9C%20<b>%EB%</b>8F%99%<b>EC%</b>B6%98<b>%EB%</b>8F%99%20%<b>EC%</b>B4... ,'꿈차또'의 기록장,https://blog.naver.com/kjjoa,20220311
54,혜화역 맛집-도토리 편백찜,https://blog.naver.com/younoky2?Redirect=Log&logNo=222615878748,pre&amp;fbm=1&amp;acr=4&amp;acq=<b>%EB%</b>8F%84%ED%86%A0<b>%EB%A</b>6%AC%ED%8E%B8<b>%EB%</b>B0%B1&amp;qdt=0&amp;ie=utf8&amp;<b>query=%</b>ED%98%9C%ED%99%94+<b>%EB%</b>8F%84%ED%86%A0<b>%EB%A</b>6%AC%ED%8E%B8<b>%EB%</b>B0%B1%<b>EC%A7%91</b> 혜화역 맛집 도토리 편백찜 매장 한쪽에 자리 잡은 셀프 코너입니다. 그런데 이쪽... ,한나의 행복,https://blog.naver.com/younoky2,20220107
55,화정 점심으로 먹기 좋은 제주 흑돼지 가쯔돈 만들기,https://blog.naver.com/dacima02?Redirect=Log&logNo=221902575089,바로 예약하세요 ~ https://store.naver.com/restaurants/detail?entry=plt&amp;id=37026125&amp;<b>query=%</b>ED%99%94%<b>EC%A</b>0%95<b>%EB%A7%9B%EC%A7%91</b><b>%EB%</b>AF%BC%<b>EC%</b>BF%A1<b>%EB%</b>8B%A4%<b>EC%</b>8B%9C<b>%EB%A7%</b>88 화정 점심으로 민쿡다시마의 가쯔돈 어떠세요?,여행과 맛집. 민쿡의 얌얌톡톡,https://blog.naver.com/dacima02,20200411
56,[여수기록] 21.05.22 1일차,https://blog.naver.com/hntax97?Redirect=Log&logNo=222667662767,entry=pll&amp;n_ad_group_type=10&amp;n_<b>query=%</b><b>EC%</b>97%AC%<b>EC%</b>88%98%EA%B2%8C%<b>EC%</b>9E%A5<b>%EB%A7%9B%EC%A7%91</b> 유명한 게장집으로 Go 〰 역시 유명한 만큼 웨이팅도 조금 있었다ㅠㅠ 주소 : 전남 여수시 봉산남4길 23-26 주차... ,neul_e_,https://blog.naver.com/hntax97,20220309
57,<b>%EB%A7%</b>8C%<b>EC%A</b>1%B1<b>%EB%</b>8F... 95%<b>EC%</b><b>9B%</b>90<b>%EB%</b>8C%80%ED%95... ,https://blog.naver.com/tsatsral_0422?Redirect=Log&logNo=222455977821,music dance,tsatsral_0422님의블로그,https://blog.naver.com/tsatsral_0422,20210803
58,<b>%EB%A7%</b>8C%<b>EC%A</b>1%B1<b>%EB%</b>8F... 95%<b>EC%</b><b>9B%</b>90<b>%EB%</b>8C%80%ED%95... ,https://blog.naver.com/tsatsral_0422?Redirect=Log&logNo=222455973720,,tsatsral_0422님의블로그,https://blog.naver.com/tsatsral_0422,20210803
59,홍대 앞 미술학원] 2022 미술처음 미대입시설명회 사전예약... ,https://blog.naver.com/greensum1?Redirect=Log&logNo=222675261334,"*** https://map.naver.com/v5/search/%EA%B<b>7%</b>B8<b>%EB%A</b>6%B0%<b>EC%</b>84%AC<b>%EB%</b>AF%B8%<b>EC%</b>88%A0%ED%95%99%<b>EC%</b><b>9B%</b>90/place/11622789?placePath=%3Fentry=pll%26from=nx%26fromNxList=true&amp;c=14129069.2303430,4516560.1821224,15,0,0,0,dh",그린섬 EDUCATION BLOG,https://blog.naver.com/greensum1,20220317
60,샤워기 추천 -베니스 필터샤워기 ♡,https://blog.naver.com/51jm?Redirect=Log&logNo=222677892648,kr/product/<b>%EB%</b>B2%A0<b>%EB%</b>8B%88%<b>EC%</b>8A%A4-%<b>EC%</b>96%<b>91</b>%<b>EC%A</b>0%84%ED%95%98-<b>%EB%A</b>9%A4<b>%EB%</b>B8%8C<b>%EB%A</b>0%88%<b>EC%</b>9D%B8-%ED%95%84%ED%84%B0-%<b>EC%</b>83%A4%<b>EC%</b><b>9B%</b>8C%EA%B8%B0/20/category/24/display/1/ &amp; http://venicelife.co.kr/ 제품을 제공받아 직접 써본 후기 #베니스... ,항상 건강하고 행복하길~♡,https://blog.naver.com/51jm,20220320
61,"이번 봄에는 꼭 성공하실 수 있어요^^ 다이어트, 미루지 마세요^^",https://blog.naver.com/zemmajin?Redirect=Log&logNo=222678391537,https://smartstore.naver.com/hazelle/products/6424745732 https://www.h-bove.com/product-page/%<b>EC%</b>82%AC%EA%B3%BC%<b>EC%</b>9D%98-%ED%95%AD%<b>EC%</b>82%B0%ED%99%94-%<b>EC%</b><b>9B%</b>90<b>%EB%A</b>3%8C%<b>EC%</b>B6%94%<b>EC%</b>B6%9C<b>%EB%</b>AC%BC<b>%EB%A</b>1%9C-<b>%EB%A7%</b>8C<b>%EB%</b>93%9C<b>%EB%</b>8A%94%<b>EC%</b>B5%9C... ,프랑스 남자 + 한국 여자,https://blog.naver.com/zemmajin,20220321
62,<b>query=%EB%</b>84%A4%<b>EC%</b>9D%B4%ED%83%9C<b>%EB%</b>AC%B8%EA%B0%90%<b>EC</b>... ,https://blog.naver.com/xoans66?Redirect=Log&logNo=222435062551,https://m.search.naver.com/search.naver<b>?query=%EB%</b>84%A4%<b>EC%</b>9D%B4%ED%83%9C<b>%EB%</b>AC%B8%EA%B0%90%<b>EC%</b>82%AC%ED%95%A9<b>%EB%</b>8B%88<b>%EB%</b>8B%A4%<b>EC%</b>88%9C%<b>EC%</b>B2%9C%ED%96%A5<b>%EB%</b>B3%<b>91</b>%<b>EC%</b><b>9B%</b>90%<b>EC%</b>86%8C%ED... ,xoans66님의블로그,https://blog.naver.com/xoans66,20210717
63,모토그레시브 이탈젯 그리폰125 스타트모터교환,https://blog.naver.com/motogressive?Redirect=Log&logNo=222672311463,#MOTOGRESSIVE #모토그레시브 #이탈젯 그리폰125 #스타트모터교환 출처 https://search.naver.com/search.naver?where=nexearch&amp;sm=tab_etc&amp;mra=bjg1&amp;pkid=128&amp;os=13952142&amp;qvt=0&amp;<b>query=</b>2017%20%<b>EC%</b>9D%B4%ED%83%88%<b>EC%A</b>0%AF%20%EA%B<b>7%</b>B8<b>%EB%A</b>6%AC%ED%8F%B0125... ,가와사키 코리아 동대문[DDM],https://blog.naver.com/motogressive,20220316
64,[펌] 신천지_국짐_굿짐_가지가지_대한민국파먹고있나... ,https://blog.naver.com/mither119?Redirect=Log&logNo=222649376969,kr/news/5707153_%EA%B5%AD%ED%9E%98-%<b>EC%</b>8B%A0%<b>EC%</b>B2%9C%<b>EC%A7%</b>80%<b>EC%</b>99%80-%EA%B0%99%<b>EC%</b>9D%80-%EA%B1%B4<b>%EB%</b>AC%BC%<b>EC%</b>84%9C-<b>%EB%</b>8B%B9%<b>EC%</b><b>9B%</b>90-<b>%EB%</b>AA%A8%<b>EC%A7%91</b>-%<b>EC%A</b>0%95%ED%99%A9 신천지 사람들만 다닐 3개층의... ,미냥이 사시야 잘지내? 보고싶네...,https://blog.naver.com/mither119,20220216
65,알바생P와의 대화 : 남들 하는 만큼만 일 하지,https://blog.naver.com/leem5558?Redirect=Log&logNo=222647095108,https://map.naver.com/v5/search/<b>%EB%</b>8C%80%<b>EC%A</b>0%84%<b>EC%</b>83%81<b>%EB%</b>8C%80<b>%EB%</b>8F%99<b>%EB%A7%9B%EC%A7%91</b>/place/31779067?placePath=%3Fentry=pll%26from=nx%26fromNxList=true&amp;placeSearchOption=entry=pll%26fromNxList=true,나의 삶이 된 닭갈비를 바라보며,https://blog.naver.com/leem5558,20220214
66,가평여행,https://blog.naver.com/ipp28?Redirect=Log&logNo=222663853309,"https://map.naver.com/v5/search/%EA%B0%80%ED%8F%89<b>%EB%A7%9B%EC%A7%91</b>/place/1430115222?c=14176261.4920683,4544741.7888351,14,0,0,0,dh&amp;placePath=%3Fentry%253Dpll 언덕마루에서 걸어서 한 15분 정도 가면 되었는데 먼 거리는... ",윤채,https://blog.naver.com/ipp28,20220304
67,경추 베개 '휴다움'의 기능성 맞춤 촉감베개 사용 후기,https://blog.naver.com/abcdpuj?Redirect=Log&logNo=222675787490,com/product/%ED%9C%B4<b>%EB%</b>8B%A4%<b>EC%</b><b>9B%</b>80-%EA%B8%B0<b>%EB%</b>8A%A5%<b>EC%</b>84%B1-<b>%EB%A7%</b>9E%<b>EC%</b>B6%A4-%<b>EC%</b>B4%89%EA%B0%90<b>%EB%</b>B2%A0%EA%B0%9C-1%EA%B0%9C%<b>EC%</b>8B%B1%EA%B8%80-%<b>EC%</b>88%99<b>%EB%A</b>9%B4-%<b>EC%</b>88%98<b>%EB%A</b>9%B4%<b>EC%</b>9D%84-%<b>EC%</b>9C%84%ED%95%9C-<b>%EB%</b>82%AE%<b>EC%</b>9D%80-%<b>EC%</b>9D%BC%<b>EC%</b>9E%90<b>%EB%</b>AA... ,AngGo,https://blog.naver.com/abcdpuj,20220317
68,"{일본유학 일본어학연수}  입국자 격리 3일, 하루 5000명이상",https://blog.naver.com/sec26?Redirect=Log&logNo=222649083477,"{일본유학 일본어학연수} 입국자 격리 3일, 하루 5000명이상 https://www.mhuhak.com/%<b>EC%</b>96%B4%ED%95%99%<b>EC%</b>97%B0%<b>EC%</b>88%98%<b>EC%A</b>4%80<b>%EB%</b>B9%84/<b>7%</b><b>EC%</b><b>9B%</b>94%ED%95%99%EA%B8%B0-<b>%EB%</b>AA%A8%<b>EC%A7%91</b>%<b>EC%</b>95%88<b>%EB%</b>82%B4/",MH일본유학 어학연수 워킹홀리데이,https://blog.naver.com/sec26,20220216
69,"#내돈내산,달프로젝트,지구프로젝트,감성프로젝트,방안... ",https://blog.naver.com/i0046279?Redirect=Log&logNo=222597903934,<b>query=%</b>ED%95%98<b>%EB%</b>8A%98%20%ED%94%84<b>%EB%A</b>1%9C%<b>EC%A</b>0%9D%ED%84%B0%20<b>%EB%</b>B0%A4%20<b>%EB%</b>B9%<b>9B%</b>20%ED%96%89%<b>EC%</b>84%B1%20<b>%EB%A7%</b>A4%<b>EC%A7%</b>81%20<b>%EB%</b>AC%B8%20%<b>EC%A7%</b>80%EA%B5%AC%20%ED%94%84<b>%EB%A</b>1%9C%<b>EC%A</b>0%9D%<b>EC%</b>85%98%20LED%20<b>%EB%</b>9E%A8... ,먕이삼촌 KINGCAT.co.kr,https://blog.naver.com/i0046279,20211217
70,Dreamfarm 주방용 집게,https://blog.naver.com/gingoba2?Redirect=Log&logNo=222666303217,https://search.shopping.naver.com/search/all<b>?query=</b>Dreamfarm%20%<b>EC%A7%91</b>%EA%B2%8C&amp;frm=NVSHATC&amp;prevQuery=Dreamfarm 내돈주고 산 후기 올해나 내년 박람회 가서 구매할것 미리 생각 해두기 ○ 후라이팬 인덕션 전용... ,여행 +,https://blog.naver.com/gingoba2,20220307
71,UAG 맥북 케이스 (맥북박살 소잃고 외양간고치기),https://blog.naver.com/sssel?Redirect=Log&logNo=222640341246,https://search.shopping.naver.com/search/all<b>?query=%EB%A7%</b>A5<b>%EB%</b>B6%81+%<b>EC%</b>BC%80%<b>EC%</b>9D%B4%<b>EC%</b>8A%A4&amp;bt=-1&amp;frm=NVSCPRO 다필요없고 케이스에 최고봉 UAG 로 검색을 하고 당장주문 꽤나 빠르게 온 배송 하 진작 살걸 ㅠㅠ... ,찍고 뜯고 맛보고 즐기는 밉상진상박상 살색,https://blog.naver.com/sssel,20220208
72,"유용한 분야별 유튜브 추천 #2_경제,건강",https://blog.naver.com/cyberpass?Redirect=Log&logNo=222670945123,com/c/%<b>EC%</b>8A%88%<b>EC%</b>B9%B4%<b>EC%</b><b>9B%</b>94<b>%EB%</b>93%9C ☞돈립만세: 한국경제TV에서 알을 깨고 나온... com/c/<b>%EB%</b>8F%88<b>%EB%A</b>6%BD<b>%EB%A7%</b>8C%<b>EC%</b>84%B8 ☞미국주식에 미치다TV: 대한민국 최고이자 유일한... ,디지털 세상으로..,https://blog.naver.com/cyberpass,20220312
73,배스킨라빈스 할인받기 - 요기요 포장 할인,https://blog.naver.com/lifeup88?Redirect=Log&logNo=222660179179,^^ https://apps.apple.com/kr/app/<b>%EB%</b>B0%B0<b>%EB%</b>8B%AC%<b>EC%</b>9A%94%EA%B8%B0%<b>EC%</b>9A%94-%EA%B8%B0<b>%EB%</b>8B%A4<b>%EB%A</b>6%BC-%<b>EC%</b>97%86<b>%EB%</b>8A%94-<b>%EB%A7%9B%EC%A7%91</b>-<b>%EB%</b>B0%B0<b>%EB%</b>8B%AC%<b>EC%</b>95%B1/id543831532 https://play.google.com/store/apps/details?id=com.fineapp.yogiyo&amp;hl=ko... ,루이냥의 소소일상,https://blog.naver.com/lifeup88,20220228
74,슬로우 데미지 공략 보는법,https://blog.naver.com/peg105?Redirect=Log&logNo=222672924839,"흡혈귀 루트 배드엔딩 = 후지에다 루트 시작, 후지에다 공략 :: https://nitropluschiral.fandom.com/ko/wiki/%<b>EC%</b>8A%AC<b>%EB%A</b>1%9C%<b>EC%</b>9A%B0_<b>%EB%</b>8D%B0<b>%EB%</b>AF%B8%<b>EC%A7%</b>80/%EA%B3%B5<b>%EB%</b>9E%B5/%ED%<b>9B%</b>84%<b>EC%A7%</b>80%<b>EC%</b>97%90<b>%EB%</b>8B%A4",호랑이,https://blog.naver.com/peg105,20220315
75,동해남부선타고 온천천 까페거리에 가다~~호호줌,https://blog.naver.com/jktreasure?Redirect=Log&logNo=222660830069,naver.com/search.naver?sm=tab_sug.top&amp;where=nexearch&amp;<b>query=%</b><b>EC%</b>98%A8%<b>EC%</b>B2%9C%<b>EC%</b>B2%9C+<b>%EB%</b>B6%80<b>%EB%</b>B0%94%<b>EC%</b>8A%A4&amp;oquery=%EA%B2%BD%<b>EC%</b>84%B1%ED%80%B4%<b>EC%A7%</b>84&amp;tqi=hm27Mwp0J1ZssEuJgGKssssstmR-413781&amp;acq=qnqktm&amp;acr=2&amp;qdt=0,호호줌의 부산이야기,https://blog.naver.com/jktreasure,20220301
76,<b>query=%</b><b>EC%</b>9A%B0<b>%EB%A</b>5%B4%<b>EC%</b>98%A4%<b>EC%</b>8A%A4&amp;searchTab... ,https://blog.naver.com/jk99jk?Redirect=Log&logNo=80174801906,http://shopping.naver.com/search/all_search.nhn<b>?query=%</b><b>EC%</b>9A%B0<b>%EB%A</b>5%B4%<b>EC%</b>98%A4%<b>EC%</b>8A%A4&amp;searchTab=TOTAL&amp;iq=&amp;cat_id=40000662&amp;frm=NVSCPRO 슬라이드뷰 [AK몰/우르오스]ULOS 우르오스 스킨 워시 300ml 네이버전용 <b>7%</b>추... ,Architect FC,https://blog.naver.com/jk99jk,20121129
77,"삼성 공기 청정기 블루스카이4000 AX100N4020WD 87,590원... ",https://blog.naver.com/ybs1224?Redirect=Log&logNo=222663087503,https://search.naver.com/search.naver?where=nexearch&amp;sm=top_sly.hst&amp;fbm=1&amp;acr=4&amp;ie=utf8&amp;<b>query=%</b><b>EC%</b>9C%84<b>%EB</b>... B4+%<b>EC%</b>8A%A4<b>%EB%A7%</b>88%ED%8A%B8%<b>EC%</b>8B%B1%<b>EC%</b>8A%A4&amp;bt=-1&amp;frm=NVSCPRO 구매하기로 했다. 제품은 새거... ,함께해서 즐겁습니다.,https://blog.naver.com/ybs1224,20220303
78,a4<b>%eb%</b>b3%<b>91</b>%<b>ec%</b><b>9b%</b>90-%<b>ec%</b>9e%85%<b>ec%</b><b>9b%</b>90%e2%80%a6-%<b>ec%</b>9d... ,https://blog.naver.com/tkdtndkfma13?Redirect=Log&logNo=222471007837,https://www.msn.com/ko-kr/news/national/%<b>ec%a</b>0%84<b>%eb%</b><b>91</b>%90%ed%99%98-%<b>ec%</b>84%b8<b>%eb%</b>b8%8c<b>%eb%</b>9e%80%<b>ec%</b>8a%a4<b>%eb%</b>b3%<b>91</b>%<b>ec%</b><b>9b%</b>90-%<b>ec%</b>9e%85%<b>ec%</b><b>9b%</b>90%e2%80%a6-%<b>ec%</b>9d%b4%<b>ec%</b>83%81%<b>ec%a</b>6%9d%<b>ec%</b>84... ,갓슈벨아이카츠레지던트이블연재만화1,https://blog.naver.com/tkdtndkfma13,20210815
79,2017.12.26. 전주맛집(고척동) / 히든메뉴 육회사시미가 유명한... ,http://ryunan9903.egloos.com/4421079,※ 고척동 전주맛집 찾아가는 길 : 고척스카이돔에서 고척동동아한신아파트를 끼고 위로 쭉 직진 https://store.naver.com/restaurants/detail?id=20821707&amp;<b>query=%</b><b>EC%A</b>0%84%<b>EC%A</b>3%BC<b>%EB%A7%9B%EC%A7%91</b> 2017. 12. 26 // by RYUNAN 신고,류토피아 (RYUTOPIA),http://ryunan9903.egloos.com/,20171226
80,"유용한 분야별 유튜브 추천 #1_종합지식,역사,세계사",https://blog.naver.com/cyberpass?Redirect=Log&logNo=222670925094,"https://www.youtube.com/c/<b>%EB%</b>84%88%<b>EC%A7%</b>84%<b>EC%A7%</b>9C<b>%EB%</b>98%<b>91</b><b>%EB%</b>98%<b>91</b>%ED%95%98<b>%EB%</b>8B%A4 ☞듣똑라 : 듣다보면 똑똑해지는 라이프, 듣똑라는 MZ 세대의 뉴스, 트렌드, 워크... ",디지털 세상으로..,https://blog.naver.com/cyberpass,20220312
81,[어린이집] 파주 어린이집 주문제작가구 자작나무 합판... ,https://blog.daum.net/yedaoom/8141866,html?banner_action=&amp;keyword=%<b>EC%</b>96%B4<b>%EB%A</b>6%B0%<b>EC%</b>9D%B4%<b>EC%A7%91</b> 맞춤가구 예다움 맞춤가구 전문 쇼핑몰 예다움입니다. yedaoom.net &lt;&lt;클릭하기&gt;&gt; 공유하기 글 요소 저작자표시 비영리 변경금지 댓글 0 비밀글 글쓰기,맞춤가구 예다움,https://blog.daum.net/yedaoom,20220128
82,선한 영향력,https://blog.naver.com/saintcomf?Redirect=Log&logNo=222623121511,선한 영향력! https://m.search.naver.com/search.naver<b>?query=%</b>EA%B3%A0%<b>EC%</b>9E%AC%<b>EC%</b>98%81<b>%EB%</b>B9%B5%<b>EC%A7%91</b>&amp;where=m&amp;sm=mob_sug.psn&amp;acr=1 저서목록 https://m.search.naver.com/search.naver?where=m_book&amp;sm=mtb_jum&amp;<b>query=%</b>ED%95%9C%<b>EC%</b>84%B1%<b>EC%</b>95%88,한성안의 좋은경제 연구소,https://blog.naver.com/saintcomf,20220116
83,서울 제1호 보호수 방학동 연산군묘 앞 은행나무,https://blog.daum.net/micropsjj/17039807,&lt;2013년 5월의 모습[출처-https://redphotosky.tistory.com/entry/%<b>EC%</b>97%B0%<b>EC%</b>82%B0%EA%B5%B0-<b>%EB%</b>AC%98-%<b>EC%</b>98%86%<b>EC%</b>97%90-%<b>EC%</b>9E%88<b>%EB%</b>8A%94-<b>%EB%A7%</b>89%EA%B5%AD%<b>EC%</b>88%98-<b>%EB%A7%9B%EC%A7%91</b>]&gt; &lt;샛노랗게 단풍이 든 갸을철 모습[출처-https... ,새샘(淸泉),https://blog.daum.net/micropsjj,20200502
84,"북유럽 감성 공주드레스 추천, 퍼키리올리아셔링 원피스... ",https://blog.naver.com/haree42?Redirect=Log&logNo=222679395788,퍼키리올리아셔링 원피스 ▼ https://furkey.co.kr/product/%ED%8D%BC%ED%82%A4<b>%EB%A</b>6%AC%<b>EC%</b>98%AC<b>%EB%A</b>6%AC%<b>EC%</b>95%84%<b>EC%</b>85%94<b>%EB%A7%</b>81-%<b>EC%</b><b>9B%</b>90%ED%94%BC%<b>EC%</b>8A%A4-f22aop202/1512/category/45/display/1/,"오로지,소소하게",https://blog.naver.com/haree42,20220322
85,바퀴달린집 정해인 후드티 코닥어패럴 이스트만 워딩 후드티,https://blog.naver.com/qhagml3?Redirect=Log&logNo=222665696078,https://hilightbrands-kodak.co.kr/product/%<b>EC%A</b>0%95%ED%95%B4%<b>EC%</b>9D%B8-%<b>EC%</b>B0%A9%<b>EC%</b>9A%A9-%<b>EC%</b>9D%B4%<b>EC%</b>8A%A4%ED%8A%B8<b>%EB%A7%</b>8C-%<b>EC%</b><b>9B%</b>8C<b>%EB%</b>94%A9-%ED%<b>9B%</b>84<b>%EB%</b>93%9C-mgrey/1805/category/24/display/1/,봄희로운 공간,https://blog.naver.com/qhagml3,20220307
86,울릉도 둘러보기,https://blog.naver.com/jojo7142?Redirect=Log&logNo=222233522377,top&amp;where=nexearch&amp;<b>query=%</b><b>EC%</b>9A%B8<b>%EB%A</b>6%89<b>%EB%</b>8F%84<b>%EB%A7%9B%EC%A7%91</b>&amp;oquery=%<b>EC%</b>9A%B8<b>%EB%A</b>6%89<b>%EB%</b>8F%84&amp;tqi=ht1MDdprvN8sss9%2FU2RsssssszN-107245 ■숙박 https://search.naver.com/search.naver?... ,갤러리웰니스힐링센터,https://blog.naver.com/jojo7142,20210205
87,청라 밥집 청국장메뉴만 있는집,https://blog.naver.com/seven8805?Redirect=Log&logNo=221548854310,"https://store.naver.com/restaurants/detail?entry=pll&amp;id=284245860&amp;<b>query=%</b><b>EC%</b>B2%AD<b>%EB%</b>9D%BC%20<b>%EB%A7%9B%EC%A7%91</b> 11시가 너무 일찍은 아닌데~ㅜㅜ 한사람도 없네요~~~ 혹 맛이 없는것이 아닐까 .... 기대반 ,걱정반 .... 와우 WoW ~!!!... ",용산 세븐컴 씨즌2 블로그,https://blog.naver.com/seven8805,20190528
88,서울 맛집 모음,https://blog.naver.com/ibex1234?Redirect=Log&logNo=222655323127,https://m.cafe.naver.com/ca-fe/web/cafes/momroom2013/articles/616417?useCafeId=false&amp;or=m.search.naver.com&amp;<b>query=%</b><b>EC%</b>84%9C%<b>EC%</b>9A%B8%2B<b>%EB%A7%9B%EC%A7%91</b>&amp;buid=04f3eabf-fa86-40cf-87b5... ,ibex1234님의블로그,https://blog.naver.com/ibex1234,20220223
89,간단한 밑반찬 영양몰 반찬세트 밥도둑반찬이에요,https://blog.naver.com/junsar19?Redirect=Log&logNo=222662383449,kr/product/<b>%EB%</b><b>91</b>%90<b>%EB%</b>82%A8%<b>EC%</b>8B%9D%ED%92%88-%<b>EC%</b>B0%B8%EA%BD%83%ED%94%BC<b>%EB%</b>8A%94<b>%EB%A7%</b>88%<b>EC%</b>9D%84-<b>%EB%</b>B0%98%<b>EC%</b>B0%AC%<b>EC%</b>84%B8%ED%8A%B8-300g4%<b>EC%A</b>2%85-%<b>EC%A</b>0%93%EA%B0%88%<b>EC%</b>8C%88%<b>EC%</b>9E%A5%<b>EC%</b>98%A4%<b>EC%A7%</b>95%<b>EC%</b>96%B4%<b>EC%A</b>0%93%<b>EC%</b>94%A8%<b>EC%</b>95%97%<b>EC%A</b>0%93... ,멈미네,https://blog.naver.com/junsar19,20220307
90,utf8&amp;<b>query=%</b>ED%95%9C<b>%EB%A7%</b>BA%ED%9E%8C%EA%B3%BC%EA%B1... ,https://blog.naver.com/tnduddhsla?Redirect=Log&logNo=220648429665,https://m.search.naver.com/search.naver<b>?query=%EB%</b>B9%BD%<b>EC%</b>B0%A8%<b>EC%A</b>0%95%<b>EC%</b>8B%A0%EA%B3%A0<b>%EB%</b>AC%B8&amp;where=m&amp;sm=mob... where=nexearch&amp;sm=top_hty&amp;fbm=1&amp;ie=utf8&amp;<b>query=%</b>ED%95%9C<b>%EB%A7%</b>BA%ED%9E%8C%EA%B3%BC%EA%B1%B0<b>%EB%</b>B8%94<b>%EB%A</b>1%9C%EA... ,한맺힌과거 블로그,https://blog.naver.com/tnduddhsla,20160307
91,20%<b>EC%</b>9D%B4<b>%EB%A</b>5%B4<b>%EB%A</b>9... <b>EC%</b>86%8C%<b>EC%A</b>4%<b>91</b>%<b>EC%A7%</b>80%,https://blog.naver.com/stoprin1?Redirect=Log&logNo=220893003875,쯔쯔ㅉ #yonhap %ED%8A%B9%EA%B2%80%2C%20%<b>EC%</b>9D%B4<b>%EB%A</b>5%B4<b>%EB%A</b>9%B4%20%<b>EC%</b>98%A4<b>%EB%</b>8A%98%20%<b>EC%</b>B2%AB%20%EA%B3%B5%EA%B0%9C%<b>EC%</b>86%8C%ED%99%98%E2%80%A6%<b>EC%A</b>0%95%<b>EC%</b>9C%A0<b>%EB%</b>9D%BC%20%EA%B8%B0%<b>EC%</b>86%8C%<b>EC%A</b>4%<b>91</b>%<b>EC%A7%</b>80% 연합뉴스는... ,stoprin1님의블로그,https://blog.naver.com/stoprin1,20161223
92,[생후 298일 아기와 나] 이나의 첫 눈 / 삼시두끼 / 세밀화로... ,https://blog.naver.com/jjongjjong2?Redirect=Log&logNo=221777998288,"https://store.naver.com/restaurants/detail?entry=pll&amp;id=36516544&amp;<b>query=%</b><b>EC%A</b>0%95%<b>EC%</b>9E%90<b>%EB%</b>8F%99%20<b>%EB%A7%9B%EC%A7%91</b> 이건 곧 율동공원에 들어온다는 카페빵선생!! 여기도 기록용으로 잠깐 올려두고, http://www.bbangsseam.com/default/menu02... ",내가 쏘아올린 가장 빛나는 별,https://blog.naver.com/jjongjjong2,20200119
93,[ 합정 술집 ] 세부인 보드카 Cebuin Vodca,https://blog.naver.com/danielsuhyun?Redirect=Log&logNo=221292841884,좋은 술집 오픈 시간 - 매일 17:00 - 05:00 (공휴일 오픈 시간 동일) 가격정보 : https://store.naver.com/restaurants/detail?id=37286267&amp;<b>query=%</b>ED%95%A9%<b>EC%A</b>0%95%20<b>%EB%A7%9B%EC%A7%91</b> (네이버 플레이스 참고) P.S 자비로 쓰는 리뷰,"오늘, 일상생활",https://blog.naver.com/danielsuhyun,20180606
94,8. 23,https://blog.naver.com/couragejung?Redirect=Log&logNo=221344466409,https://store.naver.com/restaurants/detail?id=31139780&amp;<b>query=%</b><b>EC%</b>95%88<b>%EB%A</b>9%B4<b>%EB%</b>8F%84%20<b>%EB%A7%9B%EC%A7%91</b> 5만원.... 미쳤다. 어이가 없다.... 아래가 내가 말한 서산시청 게국지 30년 원조 전문점이다. https://blog.naver.com... ,TESLA & BRAND,https://blog.naver.com/couragejung,20180823
95,SAT학원 에듀모스트-학부모님께서 많이 하시는 질문 5... ,https://blog.naver.com/lavendars?Redirect=Log&logNo=221483122804,선릉역 #고반식당 선릉역#누구나반학닭점심뷔페 선릉역 맛집 검색하기: https://store.naver.com/restaurants/list?entry=pll&amp;filterId=s13479324&amp;<b>query=%</b><b>EC%</b>84%A0<b>%EB%A</b>6%89%<b>EC%</b>97%AD%20<b>%EB%A7%9B%EC%A7%91</b>,에듀모스트 SAT특강 / SAT인강 / 미국대학컨설팅,https://blog.naver.com/lavendars,20190308
96,거제 가볼만 곳과 맛집,https://blog.daum.net/kjy3529/11427814,naver.com/iapplev/222438171096 5) 거제 일대 맛집 https://cafe.daum.net/skairtravel/Fuaq/862?q=%EA%B1%B0%<b>EC%A</b>0%9C%20%<b>EC%</b>9D%BC%<b>EC%</b>9A%B4<b>%EB%A</b>9%B4%20<b>%EB%A7%9B%EC%A7%91</b> 공유하기 글 요소 저작자표시 비영리 변경금지,아낌없이 주는 나무,https://blog.daum.net/kjy3529,20210813
97,[생활/여가] 베버리센터에 새로 생긴 맛집 베스트 4,https://blog.naver.com/namu-abba?Redirect=Log&logNo=221402018721,원문기사 출처 : http://plusnews.koreadaily.com/<b>%EB%</b>B2%A0<b>%EB%</b>B2%84<b>%EB%A</b>6%AC%<b>EC%</b>84%BC%ED%84%B0%<b>EC%</b>97%90-%<b>EC%</b>83%88<b>%EB%A</b>1%9C-%<b>EC%</b>83%9D%EA%B8%B4-<b>%EB%A7%9B%EC%A7%91</b>-<b>%EB%</b>B2%A0%<b>EC%</b>8A%A4%ED%8A%B8-4/ 베버리센터에 새로 생긴 맛집 베스트 4... ,NAMU-ABBA,https://blog.naver.com/namu-abba,20181120
98,[역삼동 맛집] 소셜커머스 데일리픽 역삼동맛집 핸드드립커피... ,https://blog.naver.com/snsguide?Redirect=Log&logNo=100122479817,"http://www.snslog.net/blog/search/all/%<b>EC%</b>97%AD%<b>EC%</b>82%BC<b>%EB%</b>8F%99<b>%EB%A7%9B%EC%A7%91</b> 커피와 사람들에서 판매하는 모든 음료와 디저트를 자유롭게 이용하는 만원 자유이용권을 데일리픽에서 52% 할인된 4,800원에... ",키스한번못해본 배불뚝이인생-37年,https://blog.naver.com/snsguide,20110221
99,국내 게임산업 올해 <b>7%</b> 성장…18兆 넘는다 - '게임 디톡스... ,https://blog.naver.com/edochun?Redirect=Log&logNo=222587159553,wiki/w/%EA%B2%8C%<b>EC%</b>9E%84%20%<b>EC%A</b>4%<b>91</b><b>%EB%</b>8F%85%20%<b>EC%A7%</b>88<b>%EB%</b>B3%<b>91</b>%<b>EC%</b>BD%94<b>%EB%</b>93%9C%20<b>%EB%</b>93%B1<b>%EB%A</b>1%9D%20<b>%EB%</b>85%BC<b>%EB%</b>9E%80 &lt;신의진 게임 중독법 관련 자료&gt; https://cokcok.tistory.com/697 &lt;신의진 게임 중독법... ,edochun님의 블로그,https://blog.naver.com/edochun,20211205
