img,title,author,star
https://novel-phinf.pstatic.net/20210729_233/novel_1627552110410lf2fB_JPEG/320%2B320.jpg?type=f150_118_2,미친 중독,놀마,9.9
https://novel-phinf.pstatic.net/20210630_152/novel_1625049091159nbJO4_JPEG/320%2B320.jpg?type=f150_118_2,더 캐슬,꽃제이(진소예),9.9
https://novel-phinf.pstatic.net/20211129_10/novel_1638176804778IJIHx_JPEG/320%2B320.jpg?type=f150_118_2,내가 저지른 결혼,감사혜,9.9
https://novel-phinf.pstatic.net/20210930_275/novel_1632983295427b8gdq_JPEG/320%2B320.jpg?type=f150_118_2,신랑이 바뀐 나의 결혼,달콤한홍차,9.9
https://novel-phinf.pstatic.net/20220127_288/novel_1643276956431LxH0T_JPEG/320%2B320.jpg?type=f150_118_2,본능적인 소유욕,핑크티,9.9
https://novel-phinf.pstatic.net/20220225_68/novel_1645788839679Mqo4f_JPEG/320%2B320.jpg?type=f150_118_2,이혼 유예,루시아,9.9
https://novel-phinf.pstatic.net/20211028_113/novel_1635426388363LM5tA_JPEG/320%2B320.jpg?type=f150_118_2,짐승의 구애법,이도혜,9.8
https://novel-phinf.pstatic.net/20211231_239/novel_1640929938924CW8K9_JPEG/320%2B320.jpg?type=f150_118_2,신혼 재미는 아찔하게,칠칠마마,9.8
https://novel-phinf.pstatic.net/20210825_289/novel_16298888663138KVEj_JPEG/320%2B320.jpg?type=f150_118_2,대표님의 첫사랑이 돌아왔다,은율아,9.8
https://novel-phinf.pstatic.net/20211028_49/novel_1635426233099NFkMu_JPEG/320%2B320.jpg?type=f150_118_2,당신의 칭찬은 사양합니다,서한밤,9.8
https://novel-phinf.pstatic.net/20210825_204/novel_1629890701712NffLe_JPEG/320%2B320.jpg?type=f150_118_2,동백꽃 스며들어  눈,이은비,9.9
https://novel-phinf.pstatic.net/20220112_156/novel_1641964020935zRtwg_JPEG/3..jpg?type=f150_118_2,완벽한 이혼을 위하여,미이라이,9.8
https://novel-phinf.pstatic.net/20210331_68/novel_1617156823381Ul20i_JPEG/320%2B320.jpg?type=f150_118_2,끊을 수 없는 부부 사이,이달아,10.0
https://novel-phinf.pstatic.net/20210428_296/novel_1619588613546eJkR8_JPEG/320%2B320.jpg?type=f150_118_2,날 닮은 아이,플아다,9.9
https://novel-phinf.pstatic.net/20210428_55/novel_1619588203068xgKqT_JPEG/320%2B320.jpg?type=f150_118_2,부부  어디까지 가능해?,태소영,10.0
https://novel-phinf.pstatic.net/20210305_261/novel_1614928078336LyyyL_JPEG/320%2B320.jpg?type=f150_118_2,결혼은 계획이다,Lunar 이지연,9.9
https://novel-phinf.pstatic.net/20210729_73/novel_16275517925576st6c_JPEG/320%2B320.jpg?type=f150_118_2,강제 맞선,빵양이,9.9
https://novel-phinf.pstatic.net/20210331_103/novel_1617156987946NEQR8_JPEG/320%2B320.jpg?type=f150_118_2,두 번째는 화끈하게,용감한 자매,10.0
https://novel-phinf.pstatic.net/20210331_247/novel_1617156637334gKlX6_JPEG/320%2B320.jpg?type=f150_118_2,아내가 돌아왔다,탐이나,10.0
https://novel-phinf.pstatic.net/20210604_228/novel_1622778852892CQwEK_JPEG/320%2B320.jpg?type=f150_118_2,순수한 유부녀,미래힐,10.0
https://novel-phinf.pstatic.net/20210630_44/novel_16250492604789wgGh_JPEG/320%2B320.jpg?type=f150_118_2,사랑 같은 건  처음,로즈빈,10.0
https://novel-phinf.pstatic.net/20210825_134/novel_1629890917607uOBAY_JPEG/320%2B320.jpg?type=f150_118_2,품위있는 계약부부,주황연,9.9
https://novel-phinf.pstatic.net/20210630_246/novel_16250488801057DE1S_JPEG/320%2B320.jpg?type=f150_118_2,마지막 첫날밤,트위티블리,9.9
https://novel-phinf.pstatic.net/20211129_58/novel_1638176642007lFNCR_JPEG/320%2B320.jpg?type=f150_118_2,이혼했는데 한집에,진이현,9.9
https://novel-phinf.pstatic.net/20210531_53/novel_1622439022452kz20B_JPEG/320%2B320.jpg?type=f150_118_2,그대의 세상으로,셀리코,9.9
https://novel-phinf.pstatic.net/20210930_27/novel_1632982957183AsVIJ_JPEG/320%2B320.jpg?type=f150_118_2,어린 상사,박수정(방울마마),9.9
https://novel-phinf.pstatic.net/20210930_276/novel_1632982793950hAxMp_JPEG/320%2B320.jpg?type=f150_118_2,어느 날 남편이 생겼다,갓녀,9.8
https://novel-phinf.pstatic.net/20210825_70/novel_1629891045534Qteb0_JPEG/320%2B320.jpg?type=f150_118_2,위험한 나의 보스,이재익,10.0
https://novel-phinf.pstatic.net/20210127_213/novel_1611742909188LS01c_JPEG/320%2B320.jpg?type=f150_118_2,입술이 예쁜 남자,플라비,9.9
https://novel-phinf.pstatic.net/20211028_180/novel_1635427060166VSiTu_JPEG/320%2B320.jpg?type=f150_118_2,비서 일탈,반지영,9.9
https://novel-phinf.pstatic.net/20210127_217/novel_1611742779693cKEnT_JPEG/320%2B320.jpg?type=f150_118_2,복수의 끝,최윤정(두잇),10.0
https://novel-phinf.pstatic.net/20210531_191/novel_1622439437357CsfLu_JPEG/320%2B320.jpg?type=f150_118_2,위험한 X,달콤J,9.9
https://novel-phinf.pstatic.net/20210630_121/novel_1625048561641rqWGy_JPEG/320%2B320.jpg?type=f150_118_2,이혼은 쉬운데  연애는 어렵다,쥬시린시,9.9
https://novel-phinf.pstatic.net/20211129_67/novel_16381773836661ej3g_JPEG/320%2B320.jpg?type=f150_118_2,사장님이 미쳤어요,노승아,10.0
https://novel-phinf.pstatic.net/20171229_223/novel_1514530087302I6uGQ_JPEG/320%2B320.jpg?type=f150_118_2,반드시 해피엔딩,플아다,9.9
https://novel-phinf.pstatic.net/20200330_38/novel_1585562951725yVhBg_JPEG/3202B320.jpg?type=f150_118_2,오빠집이 비어서,태소영,9.9
https://novel-phinf.pstatic.net/20200330_194/novel_1585562851003887YF_JPEG/3202B320.jpg?type=f150_118_2,순수한 동거생활,플아다,9.9
https://novel-phinf.pstatic.net/20211028_39/novel_1635425865497TSp3B_JPEG/320%2B320.jpg?type=f150_118_2,맹수 사용 설명서,성하,9.9
https://novel-phinf.pstatic.net/20220127_20/novel_1643276047486eLmsf_JPEG/320%2B320.jpg?type=f150_118_2,나의 병아리 남편,닥터냐냐,10.0
https://novel-phinf.pstatic.net/20220127_8/novel_1643277329961D7nAu_JPEG/320%2B320.jpg?type=f150_118_2,곧 이혼할 사이,별규,9.9
https://novel-phinf.pstatic.net/20220127_230/novel_1643275902349FUCnf_JPEG/320%2B320.jpg?type=f150_118_2,특별한 끌림의 조건,배사비,10.0
https://novel-phinf.pstatic.net/20220127_87/novel_1643277211371WCLyi_JPEG/320%2B320.jpg?type=f150_118_2,임신 스캔들,이다홍,9.9
https://novel-phinf.pstatic.net/20211028_193/novel_1635426664297wueTi_JPEG/320%2B320.jpg?type=f150_118_2,결혼에 진심인 편,미니멜리사,10.0
https://novel-phinf.pstatic.net/20220225_11/novel_16457889499039YGrV_JPEG/320%2B320.jpg?type=f150_118_2,저 병사는 어찌 저리 고운 것이냐,이수안,9.9
https://novel-phinf.pstatic.net/20211231_22/novel_1640930389727MLLIA_JPEG/320%2B320.jpg?type=f150_118_2,내 결혼의 조건,래마,9.9
https://novel-phinf.pstatic.net/20201127_164/novel_1606473497460SrDKu_JPEG/320%2B320.jpg?type=f150_118_2,또다시  계약 부부,설우희,9.8
https://novel-phinf.pstatic.net/20220228_280/novel_1646015155081Pnko9_JPEG/320%2B320.jpg?type=f150_118_2,사라진 비서에게,진저리,9.8
https://novel-phinf.pstatic.net/20211231_40/novel_1640930555027f0Nol_JPEG/320%2B320.jpg?type=f150_118_2,신입은 낮져밤이,블랑드,9.9
https://novel-phinf.pstatic.net/20201127_104/novel_1606472837582mMIsq_JPEG/320%2B320.jpg?type=f150_118_2,이별 후 사내 결혼,이달리.,9.8
https://novel-phinf.pstatic.net/20200203_272/novel_1580717839306irE1H_JPEG/3202B320.jpg?type=f150_118_2,내 남편과 결혼해줘,성소작,9.8
https://novel-phinf.pstatic.net/20211231_270/novel_1640930123074i5u9J_PNG/320%2B320.png?type=f150_118_2,연애보다 결혼,체리고,10.0
https://novel-phinf.pstatic.net/20190627_283/novel_1561602676218kfQqy_JPEG/320%2B320.jpg?type=f150_118_2,모든 숨마다  너,김결,9.9
https://novel-phinf.pstatic.net/20190426_199/novel_1556276384346XCStq_JPEG/320%2B320.jpg?type=f150_118_2,혼전계약서,플아다,9.8
https://novel-phinf.pstatic.net/20190228_184/novel_1551350225888jKYEA_JPEG/320%2B320.jpg?type=f150_118_2,키스 식스 센스,갓녀,10.0
https://novel-phinf.pstatic.net/20180829_250/novel_1535538671694D9h3o_JPEG/320%2B320.jpg?type=f150_118_2,위험한 남편을 길들이는 법,윤손,9.9
https://novel-phinf.pstatic.net/20180427_243/novel_1524812318523gqvfc_JPEG/Untitled-3.jpg?type=f150_118_2,신부가 필요해,박수정(방울마마),9.9
https://novel-phinf.pstatic.net/20201229_111/novel_1609239358626HeXfi_JPEG/320%2B320.jpg?type=f150_118_2,비서 말고 여자,별규,9.8
https://novel-phinf.pstatic.net/20190328_150/novel_1553750458550RfKKS_JPEG/320%2B320.jpg?type=f150_118_2,그림자 신부,이새인,10.0
https://novel-phinf.pstatic.net/20200831_135/novel_1598874238512cY2u4_JPEG/320%2B320.jpg?type=f150_118_2,완벽한 부부는 없다,이다홍,9.9
https://novel-phinf.pstatic.net/20200630_95/novel_1593512932969FEND0_JPEG/3202B320.jpg?type=f150_118_2,월하정인,놀마,10.0
https://novel-phinf.pstatic.net/20150828_281/novel_14407368771801NvDy_JPEG/320%2B320.jpg?type=f150_118_2,허니허니 웨딩,노승아,10.0
https://novel-phinf.pstatic.net/20191231_143/novel_1577777498654X2WjX_JPEG/3202B320.jpg?type=f150_118_2,완벽한 결혼의 정석,이범배,9.9
https://novel-phinf.pstatic.net/20170228_12/novel_1488271933489lAKQW_JPEG/320%2B320.jpg?type=f150_118_2,당신과 나 사이에 없는 것,아라휘,10.0
https://novel-phinf.pstatic.net/20200729_190/novel_159601589965047YhX_JPEG/3202B320.jpg?type=f150_118_2,오늘부터 신혼,주황연,9.9
https://novel-phinf.pstatic.net/20191030_87/novel_1572419511859PitHV_JPEG/320%2B320.jpg?type=f150_118_2,손끝에 빛나는 나비,이은비,9.9
https://novel-phinf.pstatic.net/20190531_230/novel_1559296249045W0HPC_JPEG/320%2B320.jpg?type=f150_118_2,파고드는 사이,안테,10.0
https://novel-phinf.pstatic.net/20200831_284/novel_1598874075845Ed5Vg_JPEG/320%2B320.jpg?type=f150_118_2,다비  아찔하게 흐르는,이은비,9.9
https://novel-phinf.pstatic.net/20170921_297/novel_1505977902925US7uL_JPEG/320%2B320.jpg?type=f150_118_2,아기가 생겼어요,이 정,9.8
https://novel-phinf.pstatic.net/20200203_147/novel_1580717890614BnB86_JPEG/3202B320.jpg?type=f150_118_2,치명적인 내 여자,탐이나,9.9
https://novel-phinf.pstatic.net/20160201_213/novel_1454294749664LtPk0_JPEG/320%2B320.jpg?type=f150_118_2,미치도록 너만을,Lunar 이지연,9.9
https://novel-phinf.pstatic.net/20151026_193/novel_1445821989149HPJh9_JPEG/320%2B320.jpg?type=f150_118_2,해시의 신루,윤이수,10.0
https://novel-phinf.pstatic.net/20161128_154/novel_1480318930251HlQIG_JPEG/320%2B320.jpg?type=f150_118_2,너 말고 니 언니,용감한 자매,9.9
https://novel-phinf.pstatic.net/20180829_175/novel_1535537542419n0CHj_JPEG/320%2B320.jpg?type=f150_118_2,나를 길들여 봐  차비서,글쓰는 귀신,9.8
https://novel-phinf.pstatic.net/20200330_168/novel_1585562733481qdISc_JPEG/3202B320.jpg?type=f150_118_2,사내 부부,빵양이,9.9
https://novel-phinf.pstatic.net/20201127_56/novel_1606473150416LaWOz_JPEG/320%2B320.jpg?type=f150_118_2,이 결혼  새로 고침,핑크티,9.9
https://novel-phinf.pstatic.net/20150720_21/novel_1437385142651a6OEq_JPEG/EBB295EB8C80EBA19CEC82ACEB9E91ED9598EB9DBC.jpg?type=f150_118_2,법대로 사랑하라,노승아,9.9
https://novel-phinf.pstatic.net/20150720_265/novel_1437385449639pIhr2_JPEG/EC9B90ED9598EB8A94EAB1B4EB8488ED9598EB8298.jpg?type=f150_118_2,원하는 건 너 하나,달콤J,9.9
https://novel-phinf.pstatic.net/20201127_265/novel_1606473321584nRwHn_JPEG/320%2B320.jpg?type=f150_118_2,감 비서가 고장났다,파란드,9.5
https://novel-phinf.pstatic.net/20181030_172/novel_1540892926302aFT8i_JPEG/320%2B320.jpg?type=f150_118_2,오늘부터 천생연분,노승아,9.9
https://novel-phinf.pstatic.net/20210127_85/novel_16117421045591Vk5D_JPEG/320%2B320.jpg?type=f150_118_2,신혼부부 생활 백서,이범배,9.9
https://novel-phinf.pstatic.net/20190830_110/novel_1567148103000wWFGk_JPEG/320%2B320.jpg?type=f150_118_2,은밀한 재택근무,주황연,9.9
https://novel-phinf.pstatic.net/20150804_240/novel_14386798199524R3Gq_JPEG/320%2B320.jpg?type=f150_118_2,너에게로 중독,안테,10.0
https://novel-phinf.pstatic.net/20171030_189/novel_1509332060484lHQeE_JPEG/320%2B320.jpg?type=f150_118_2,선남친 후연애,왕기대,10.0
https://novel-phinf.pstatic.net/20200729_289/novel_1596016465224hJes6_JPEG/3202B320.jpg?type=f150_118_2,내 발아래  그대를,이새인,9.9
https://novel-phinf.pstatic.net/20201029_60/novel_1603976052969MIBQA_JPEG/320%2B320.jpg?type=f150_118_2,오빠는 왜 안 돼요?,벚꽃그리고,9.9
https://novel-phinf.pstatic.net/20160225_97/novel_1456392086584TxO9o_JPEG/320%2B320.jpg?type=f150_118_2,가르쳐 주세요,플아다,9.9
https://novel-phinf.pstatic.net/20180725_210/novel_1532488560101MCH82_JPEG/320%2B320.jpg?type=f150_118_2,화공  해란,이은비,10.0
https://novel-phinf.pstatic.net/20160330_33/novel_1459321578250pwwam_JPEG/320%2B320.jpg?type=f150_118_2,열렬하게  단하나,이른봄,9.9
https://novel-phinf.pstatic.net/20171129_274/novel_1511946237248djiyt_JPEG/320%2B320.jpg?type=f150_118_2,나를 설레게 하는 그대,탐이나,9.9
https://novel-phinf.pstatic.net/20160201_231/novel_1454294616092evHGV_JPEG/320%2B320.jpg?type=f150_118_2,남자 사람 친구,이경하,10.0
https://novel-phinf.pstatic.net/20210428_228/novel_1619587982189ePz95_JPEG/320%2B320.jpg?type=f150_118_2,아마도  굿모닝,우지혜,9.9
https://novel-phinf.pstatic.net/20200330_34/novel_1585562347413aiS8V_JPEG/3202B320.jpg?type=f150_118_2,나랑 해요,별규,9.9
https://novel-phinf.pstatic.net/20200925_1/novel_1601019682470Nj9AP_JPEG/320%2B320.jpg?type=f150_118_2,달콤한 나의 침입자,시니컬 앨리스,9.8
https://novel-phinf.pstatic.net/20180528_180/novel_1527495453466cm0j1_JPEG/320%2B320.jpg?type=f150_118_2,터치터치 그대,이달아,9.9
https://novel-phinf.pstatic.net/20180427_123/novel_1524811887100tygz0_JPEG/320320.jpg?type=f150_118_2,밀어:거울의 속삭임,비연,9.9
https://novel-phinf.pstatic.net/20150713_145/novel_1436786452876vcT65_JPEG/EC8B9CEB8B88ECBBACED99A9ED9B84.jpg?type=f150_118_2,시니컬 황후,은빈,9.9
https://novel-phinf.pstatic.net/20171010_46/novel_1507598935089LxwGU_JPEG/320%2B320.jpg?type=f150_118_2,스캔들,달콤J,9.9
https://novel-phinf.pstatic.net/20190927_56/novel_1569573092637TwkO2_JPEG/320%2B320.jpg?type=f150_118_2,놀아주는 여자,박수정(방울마마),9.9
https://novel-phinf.pstatic.net/20171129_36/novel_1511946957825V2oAU_JPEG/320%2B320.jpg?type=f150_118_2,아주 은밀한 연애,Lunar 이지연,10.0
https://novel-phinf.pstatic.net/20170628_268/novel_1498627968670wsmHa_JPEG/320%2B320.jpg?type=f150_118_2,날 가져요,로즈빈,10.0
